<?xml version="1.0" encoding="UTF-8"?>
<beans xmlns = "http://www.springframework.org/schema/beans"
   xmlns:xsi = "http://www.w3.org/2001/XMLSchema-instance"
   xsi:schemaLocation = "http://www.springframework.org/schema/beans
   http://www.springframework.org/schema/beans/spring-beans-3.0.xsd">

   <bean id = "emp1" class = "com.springprogram.Employee" init-method="myInit" destroy-method="myDestroy">
      <property name = "eid" value = "101"/>
      <property name = "ename" value = "Ravina Bhosale"/>
       <property name = "eaddress" value = "Satara"/>
       </bean>
       
       <bean id = "emp2" class = "com.springprogram.Employee">
      <property name = "eid" value = "102"/>
      <property name = "ename" value = "Rohan Bhosale"/>
       <property name = "eaddress" value = "Pune"/>
      
   </bean>

</beans>
